Workbook

Sheet Модель
B5: Крісло | C5: Стілець | D5: Табурет | E5: Лава
A6: Змінні рішення (шт./тиждень) | B6: 120.07143 | C6: 0 | D6: 0 | E6: 12.642857
A7: Прибуток з одиниці с | B7: 64 | C7: 58 | D7: 34 | E7: 63 | F7: =SUMPRODUCT($B$6:$E$6,B7:E7) -> 8481.0714
A9: Витрати ресурсів на одиницю виробу | B9: Крісло | C9: Стілець | D9: Табурет | E9: Лава | F9: Витрачено / Z | G9: Знак | H9: Запас | I9: Залишок
A10: Дубовий брус, м | B10: 5 | C10: 3 | D10: 3 | E10: 1 | F10: =SUMPRODUCT($B$6:$E$6,B10:E10) -> 613 | H10: 613 | I10: =H10-F10 -> 0
A11: Фанера, м² | B11: 2 | C11: 5 | D11: 6 | E11: 6 | F11: =SUMPRODUCT($B$6:$E$6,B11:E11) -> 316 | H11: 316 | I11: =H11-F11 -> 0
A12: Фурнітура, компл. | B12: 3 | C12: 1 | D12: 0 | E12: 0 | F12: =SUMPRODUCT($B$6:$E$6,B12:E12) -> 360.21429 | H12: 1035 | I12: =H12-F12 -> 674.78571
A13: Верстат, год | B13: 0 | C13: 4 | D13: 4 | E13: 6 | F13: =SUMPRODUCT($B$6:$E$6,B13:E13) -> 75.857143 | H13: 739 | I13: =H13-F13 -> 663.14286
A14: Лакування, год | B14: 2 | C14: 2 | D14: 2 | E14: 6 | F14: =SUMPRODUCT($B$6:$E$6,B14:E14) -> 316 | H14: 810 | I14: =H14-F14 -> 494
A16: Кількість ненульових змінних | B16: =COUNTIF(B6:E6,">0.000001") -> 0
A17: Кількість зв'язних обмежень | B17: =SUMPRODUCT(--(ABS(I10:I14)<0.000001)) -> 2

Sheet Аркуш1_Sensitivity
A1: Sensitivity Report
A2: Solver Engine: com.sun.star.comp.Calc.LpsolveSolver
A4: Objective Cell
A5: Cell | B5: Final Value
A6: $F$7 | B6: 8481.0714
A8: Variable Cells
A9: Cell | B9: Final Value | C9: Reduced Cost | D9: Objective Coefficient | E9: Allowable Decrease | F9: Allowable Increase
A10: $B$6 | B10: 120.07143 | C10: 0 | D10: 64 | E10: 31.153846 | F10: 251
A11: $C$6 | B11: 0 | C11: -14.464286 | D11: 58 | E11: 1e+30 | F11: 14.464286
A12: $D$6 | B12: 0 | C12: -47.428571 | D12: 34 | E12: 1e+30 | F12: 47.428571
A13: $E$6 | B13: 12.642857 | C13: 0 | D13: 63 | E13: 21.315789 | F13: 129
A15: Constraints
A16: Cell | B16: Final Value | C16: Shadow Price | D16: Constraint R.H. Side | E16: Allowable Decrease | F16: Allowable Increase
A17: $F$10 | B17: 613 | C17: 9.2142857 | D17: 613 | E17: 560.33333 | F17: 177
A18: $F$11 | B18: 316 | C18: 8.9642857 | D18: 316 | E18: 70.8 | F18: 494
A19: $F$12 | B19: 360.21429 | C19: 0 | D19: 1035 | E19: 674.78571 | F19: 1e+30
A20: $F$13 | B20: 75.857143 | C20: 0 | D20: 739 | E20: 663.14286 | F20: 1e+30
A21: $F$14 | B21: 316 | C21: 0 | D21: 810 | E21: 494 | F21: 1e+30

Sheet Налаштування

Sheet Закупівля
A3: Ціна постачальника, за од. | B3: 5.4
A4: Доступний обсяг, од. | B4: 354
A5: Тіньова ціна бруса | B5: =Аркуш1_Sensitivity!C17 -> 9.2142857
A6: Допустиме збільшення запасу | B6: =Аркуш1_Sensitivity!F17 -> 177
A7: Брати чи ні? | B7: =IF(B3<B5,"брати","не брати") -> брати
A8: Скільки брати (од.) | B8: =IF(B3<B5,MIN(B4,B6),0) -> 177
A9: Приріст прибутку | B9: =B5*B8 -> 1630.9286
A10: Вартість закупівлі | B10: =B3*B8 -> 955.8
A11: Чистий виграш (за тіньовою ціною) | B11: =B9-B10 -> 675.12857
A13: Куплено, од. | B13: Прибуток при новому запасі (пряме розв'язання) | C13: Приріст прибутку | D13: Вартість | E13: Чистий результат
A14: 0 (базовий) | B14: 8481.0714
A15: 1 | B15: 8490.2857 | C15: =B15-$B$14 -> 9.2143 | D15: =$B$3*A15 -> 5.4 | E15: =C15-D15 -> 3.8143
A16: 100 | B16: 9402.5 | C16: =B16-$B$14 -> 921.4286 | D16: =$B$3*A16 -> 540 | E16: =C16-D16 -> 381.4286
A17: 177 | B17: 10112 | C17: =B17-$B$14 -> 1630.9286 | D17: =$B$3*A17 -> 955.8 | E17: =C17-D17 -> 675.1286
A18: 354 | B18: 10112 | C18: =B18-$B$14 -> 1630.9286 | D18: =$B$3*A18 -> 1911.6 | E18: =C18-D18 -> -280.6714

Sheet Цілочисельність
A3: Варіант | B3: Крісло | C3: Стілець | D3: Табурет | E3: Лава | F3: Прибуток | G3: Фанера (≤316) | H3: Допустимий?
A4: Без умови цілочисельності | B4: 120.07143 | C4: 0 | D4: 0 | E4: 12.642857 | F4: =SUMPRODUCT(B4:E4,Модель!$B$7:$E$7) -> 8481.0714 | G4: =SUMPRODUCT(B4:E4,Модель!$B$11:$E$11) -> 316 | H4: =IF(AND(SUMPRODUCT(B4:E4,Модель!$B$10:$E$10)<=Модель!$H$10+0.000001,G4<=Модель!$H$11+0.000001,SUMPRODUCT(B4:E4,Модель!$B$12:$E$12)<=Модель!$H$12+0.000001,SUMPRODUCT(B4:E4,Модель!$B$13:$E$13)<=Модель!$H$13+0.000001,SUMPRODUCT(B4:E4,Модель!$B$14:$E$14)<=Модель!$H$14+0.000001),"так","НІ") -> так
A5: Округлений вниз | B5: 120 | C5: 0 | D5: 0 | E5: 12 | F5: =SUMPRODUCT(B5:E5,Модель!$B$7:$E$7) -> 8436 | G5: =SUMPRODUCT(B5:E5,Модель!$B$11:$E$11) -> 312 | H5: =IF(AND(SUMPRODUCT(B5:E5,Модель!$B$10:$E$10)<=Модель!$H$10+0.000001,G5<=Модель!$H$11+0.000001,SUMPRODUCT(B5:E5,Модель!$B$12:$E$12)<=Модель!$H$12+0.000001,SUMPRODUCT(B5:E5,Модель!$B$13:$E$13)<=Модель!$H$13+0.000001,SUMPRODUCT(B5:E5,Модель!$B$14:$E$14)<=Модель!$H$14+0.000001),"так","НІ") -> так
A6: Округлений до найближчого | B6: 120 | C6: 0 | D6: 0 | E6: 13 | F6: =SUMPRODUCT(B6:E6,Модель!$B$7:$E$7) -> 8499 | G6: =SUMPRODUCT(B6:E6,Модель!$B$11:$E$11) -> 318 | H6: =IF(AND(SUMPRODUCT(B6:E6,Модель!$B$10:$E$10)<=Модель!$H$10+0.000001,G6<=Модель!$H$11+0.000001,SUMPRODUCT(B6:E6,Модель!$B$12:$E$12)<=Модель!$H$12+0.000001,SUMPRODUCT(B6:E6,Модель!$B$13:$E$13)<=Модель!$H$13+0.000001,SUMPRODUCT(B6:E6,Модель!$B$14:$E$14)<=Модель!$H$14+0.000001),"так","НІ") -> НІ
A7: Цілочисельний оптимум | B7: 120 | C7: 0 | D7: 0 | E7: 12 | F7: =SUMPRODUCT(B7:E7,Модель!$B$7:$E$7) -> 8436 | G7: =SUMPRODUCT(B7:E7,Модель!$B$11:$E$11) -> 312 | H7: =IF(AND(SUMPRODUCT(B7:E7,Модель!$B$10:$E$10)<=Модель!$H$10+0.000001,G7<=Модель!$H$11+0.000001,SUMPRODUCT(B7:E7,Модель!$B$12:$E$12)<=Модель!$H$12+0.000001,SUMPRODUCT(B7:E7,Модель!$B$13:$E$13)<=Модель!$H$13+0.000001,SUMPRODUCT(B7:E7,Модель!$B$14:$E$14)<=Модель!$H$14+0.000001),"так","НІ") -> так
